id,item
hkd1,chocolate
hkd1,Corn
hkd1,Sugar
hkd1,Dill
hkd1,Yogurt
hkd1,Ice cream
hkd1,Bread
hkd2,Milk
hkd3,chocolate
hkd3,Butter
hkd3,Dill
hkd3,Milk
hkd3,Ice cream
hkd3,Yogurt
hkd3,Apple
hkd4,Dill
hkd4,Butter
hkd4,Milk
hkd4,Cheese
hkd4,Onion
hkd4,Nutmeg
hkd5,Bread
hkd5,Apple
hkd6,Butter
hkd6,Bread
hkd6,Unicorn
hkd6,Ice cream
hkd6,chocolate
hkd6,Apple
hkd6,Nutmeg
hkd6,Cheese
hkd6,Dill
hkd6,Yogurt
hkd7,Onion
hkd7,Ice cream
hkd7,Milk
hkd7,Butter
hkd7,Eggs
hkd7,Nutmeg
hkd7,Kidney Beans
hkd7,Yogurt
hkd8,Sugar
hkd8,Yogurt
hkd8,Nutmeg
hkd8,Apple
hkd8,Cheese
hkd8,Eggs
hkd9,chocolate
hkd9,Sugar
hkd9,Ice cream
hkd9,Dill
hkd9,Onion
hkd9,Apple
hkd9,Milk
hkd9,Yogurt
hkd9,Nutmeg
hkd9,Unicorn
hkd9,Corn
hkd9,Eggs
hkd10,Apple
hkd10,Eggs
hkd10,Dill
hkd10,Unicorn
hkd10,Ice cream
hkd10,Sugar
hkd10,Milk
hkd10,chocolate
hkd10,Onion
hkd11,Unicorn
hkd11,Cheese
hkd11,Sugar
hkd11,Ice cream
hkd11,Bread
hkd11,Apple
hkd12,Cheese
hkd12,Yogurt
hkd12,Nutmeg
hkd12,chocolate
hkd12,Kidney Beans
hkd12,Sugar
hkd12,Apple
hkd12,Bread
hkd12,Ice cream
hkd12,Eggs
hkd12,Dill
hkd13,chocolate
hkd13,Unicorn
hkd13,Onion
hkd14,Ice cream
hkd14,Yogurt
hkd14,Sugar
hkd15,Kidney Beans
hkd15,Butter
hkd16,Yogurt
hkd17,Sugar
hkd17,Butter
hkd17,Cheese
hkd17,Apple
hkd17,Nutmeg
hkd17,Bread
hkd17,Ice cream
hkd18,Apple
hkd18,chocolate
hkd18,Yogurt
hkd18,Eggs
hkd19,Cheese
hkd19,Bread
hkd19,Kidney Beans
hkd19,Sugar
hkd20,Bread
hkd20,Sugar
hkd20,Corn
hkd20,Unicorn
hkd20,Milk
hkd20,Kidney Beans
hkd20,Nutmeg
hkd20,Ice cream
hkd21,Apple
hkd21,Cheese
hkd21,Ice cream
hkd21,Unicorn
hkd21,Sugar
hkd22,Kidney Beans
hkd22,Yogurt
hkd22,Cheese
hkd22,Unicorn
hkd22,Butter
hkd22,Apple
hkd23,Cheese
hkd23,Ice cream
hkd23,Dill
hkd23,Unicorn
hkd23,Eggs
hkd23,chocolate
hkd23,Bread
hkd23,Milk
hkd23,Yogurt
hkd23,Kidney Beans
hkd24,Kidney Beans
hkd24,Butter
hkd24,Ice cream
hkd24,Sugar
hkd24,Cheese
hkd24,Bread
hkd24,Eggs
hkd24,chocolate
hkd24,Unicorn
hkd25,Kidney Beans
hkd25,Milk
hkd25,Onion
hkd25,Nutmeg
hkd25,Bread
hkd25,Corn
hkd25,Unicorn
hkd25,Yogurt
hkd25,Eggs
hkd26,Eggs
hkd26,Yogurt
hkd26,Bread
hkd26,Butter
hkd26,chocolate
hkd26,Milk
hkd27,Corn
hkd27,chocolate
hkd27,Bread
hkd27,Cheese
hkd27,Unicorn
hkd27,Butter
hkd27,Kidney Beans
hkd27,Milk
hkd28,Butter
hkd28,Bread
hkd29,Butter
hkd29,Milk
hkd29,Unicorn
hkd29,Kidney Beans
hkd29,chocolate
hkd29,Nutmeg
hkd29,Yogurt
hkd29,Bread
hkd30,Onion
hkd30,Bread
hkd30,Apple
hkd30,Ice cream
hkd30,Yogurt
hkd31,chocolate
hkd31,Dill
hkd31,Corn
hkd31,Milk
hkd31,Unicorn
hkd32,Bread
hkd32,Yogurt
hkd32,Apple
hkd32,Dill
hkd32,Milk
hkd32,Butter
hkd32,Unicorn
hkd33,Cheese
hkd33,Eggs
hkd33,Kidney Beans
hkd34,Sugar
hkd34,Dill
hkd34,Nutmeg
hkd34,Milk
hkd35,Dill
hkd35,chocolate
hkd35,Onion
hkd35,Bread
hkd35,Ice cream
hkd36,Eggs
hkd36,Dill
hkd36,Unicorn
hkd36,Cheese
hkd36,Onion
hkd36,chocolate
hkd37,Cheese
hkd37,Apple
hkd37,Yogurt
hkd37,Nutmeg
hkd37,Corn
hkd37,Onion
hkd37,Dill
hkd37,Unicorn
hkd37,Kidney Beans
hkd37,chocolate
hkd37,Ice cream
hkd38,chocolate
hkd38,Ice cream
hkd38,Milk
hkd38,Nutmeg
hkd38,Eggs
hkd38,Corn
hkd39,Butter
hkd39,Kidney Beans
hkd39,Sugar
hkd40,Cheese
hkd40,Nutmeg
hkd40,Corn
hkd40,Eggs
hkd40,Bread
hkd40,Ice cream
hkd40,Yogurt
hkd41,Bread
hkd41,Butter
hkd41,Corn
hkd41,Eggs
hkd41,Unicorn
hkd41,Cheese
hkd41,chocolate
hkd41,Apple
hkd41,Kidney Beans
hkd42,Yogurt
hkd42,Bread
hkd42,chocolate
hkd42,Butter
hkd43,Bread
hkd43,Onion
hkd44,Ice cream
hkd44,Milk
hkd44,chocolate
hkd44,Bread
hkd44,Corn
hkd44,Apple
hkd44,Onion
hkd44,Dill
hkd44,Kidney Beans
hkd45,Ice cream
hkd45,Sugar
hkd46,Bread
hkd46,Unicorn
hkd46,Ice cream
hkd46,Eggs
hkd46,Corn
hkd46,Milk
hkd46,Dill
hkd47,Onion
hkd48,Apple
hkd48,Onion
hkd48,chocolate
hkd49,Yogurt
hkd49,chocolate
hkd49,Bread
hkd49,Dill
hkd49,Sugar
hkd50,Onion
hkd50,Cheese
hkd50,Eggs
hkd50,Butter
hkd50,Sugar
hkd50,Dill
hkd50,Bread
hkd50,Nutmeg
hkd51,Dill
hkd51,chocolate
hkd51,Unicorn
hkd51,Cheese
hkd51,Butter
hkd51,Milk
hkd51,Corn
hkd51,Kidney Beans
hkd51,Apple
hkd52,chocolate
hkd52,Sugar
hkd52,Unicorn
hkd52,Onion
hkd52,Bread
hkd52,Apple
hkd52,Butter
hkd53,Corn
hkd53,Eggs
hkd53,Apple
hkd53,Nutmeg
hkd53,Ice cream
hkd53,Sugar
hkd53,Kidney Beans
hkd53,Unicorn
hkd54,Sugar
hkd54,Dill
hkd54,Unicorn
hkd55,Apple
hkd56,Bread
hkd56,Ice cream
hkd56,Nutmeg
hkd56,Unicorn
hkd57,Bread
hkd57,Kidney Beans
hkd57,Yogurt
hkd57,chocolate
hkd57,Nutmeg
hkd57,Milk
hkd57,Corn
hkd57,Dill
hkd58,Kidney Beans
hkd58,Yogurt
hkd58,Ice cream
hkd59,Milk
hkd59,Apple
hkd59,Ice cream
hkd59,Kidney Beans
hkd59,Dill
hkd59,Nutmeg
hkd59,Cheese
hkd60,Yogurt
hkd60,chocolate
hkd61,Onion
hkd61,Milk
hkd61,chocolate
hkd61,Apple
hkd62,Nutmeg
hkd62,Cheese
hkd62,Apple
hkd62,Bread
hkd62,Kidney Beans
hkd62,Sugar
hkd62,Yogurt
hkd62,Milk
hkd63,Eggs
hkd63,Cheese
hkd63,chocolate
hkd63,Bread
hkd63,Corn
hkd63,Milk
hkd63,Dill
hkd63,Butter
hkd63,Yogurt
hkd63,Nutmeg
hkd64,Yogurt
hkd65,Unicorn
hkd65,Milk
hkd65,Ice cream
hkd65,Sugar
hkd65,Onion
hkd65,chocolate
hkd66,Ice cream
hkd66,Unicorn
hkd66,Milk
hkd66,Bread
hkd66,Corn
hkd66,Sugar
hkd66,Onion
hkd66,Yogurt
hkd66,Eggs
hkd66,Dill
hkd66,Apple
hkd67,Nutmeg
hkd67,Yogurt
hkd67,Ice cream
hkd67,Corn
hkd67,Onion
hkd67,Sugar
hkd67,chocolate
hkd67,Apple
hkd67,Butter
hkd67,Kidney Beans
hkd68,Ice cream
hkd68,chocolate
hkd68,Yogurt
hkd68,Kidney Beans
hkd68,Dill
hkd68,Onion
hkd68,Unicorn
hkd68,Cheese
hkd68,Milk
hkd68,Sugar
hkd68,Bread
hkd69,Unicorn
hkd70,Corn
hkd70,Milk
hkd70,Dill
hkd70,Eggs
hkd70,Yogurt
hkd70,Cheese
hkd70,Bread
hkd71,Sugar
hkd71,chocolate
hkd71,Unicorn
hkd71,Dill
hkd71,Ice cream
hkd72,Eggs
hkd72,chocolate
hkd72,Bread
hkd72,Kidney Beans
hkd72,Ice cream
hkd72,Dill
hkd72,Yogurt
hkd73,chocolate
hkd73,Corn
hkd73,Nutmeg
hkd73,Sugar
hkd73,Kidney Beans
hkd73,Apple
hkd73,Eggs
hkd74,Butter
hkd74,Unicorn
hkd74,Yogurt
hkd74,Sugar
hkd74,chocolate
hkd74,Ice cream
hkd74,Nutmeg
hkd74,Corn
hkd74,Onion
hkd75,Onion
hkd76,Bread
hkd76,Apple
hkd76,Unicorn
hkd76,chocolate
hkd76,Dill
hkd76,Corn
hkd76,Milk
hkd76,Cheese
hkd76,Ice cream
hkd77,Eggs
hkd77,Ice cream
hkd77,Nutmeg
hkd77,Apple
hkd78,Butter
hkd78,Onion
hkd78,chocolate
hkd78,Bread
hkd78,Nutmeg
hkd78,Apple
hkd78,Yogurt
hkd78,Dill
hkd79,Cheese
hkd79,chocolate
hkd79,Dill
hkd79,Nutmeg
hkd79,Onion
hkd79,Ice cream
hkd79,Kidney Beans
hkd79,Sugar
hkd80,Butter
hkd80,Nutmeg
hkd80,Ice cream
hkd80,Cheese
hkd81,Cheese
hkd81,Yogurt
hkd81,Eggs
hkd81,Unicorn
hkd81,Onion
hkd82,Bread
hkd82,Unicorn
hkd82,Dill
hkd82,Yogurt
hkd82,Eggs
hkd82,Butter
hkd82,Onion
hkd82,Cheese
hkd83,Corn
hkd83,Apple
hkd83,Sugar
hkd83,Butter
hkd84,Apple
hkd85,Corn
hkd85,Ice cream
hkd85,Apple
hkd85,Unicorn
hkd85,Bread
hkd85,Kidney Beans
hkd85,Nutmeg
hkd85,Butter
hkd85,Cheese
hkd85,Yogurt
hkd85,Milk
hkd86,Sugar
hkd86,Yogurt
hkd86,Butter
hkd86,Milk
hkd86,chocolate
hkd86,Apple
hkd86,Onion
hkd87,chocolate
hkd87,Corn
hkd87,Kidney Beans
hkd87,Nutmeg
hkd87,Milk
hkd87,Dill
hkd87,Apple
hkd88,Sugar
hkd88,Kidney Beans
hkd88,Onion
hkd88,Yogurt
hkd88,Eggs
hkd88,Unicorn
hkd88,Butter
hkd88,Nutmeg
hkd89,chocolate
hkd89,Cheese
hkd89,Ice cream
hkd89,Dill
hkd89,Apple
hkd90,Onion
hkd90,Apple
hkd90,Cheese
hkd90,Dill
hkd90,Kidney Beans
hkd90,Eggs
hkd90,Corn
hkd90,Nutmeg
hkd90,Yogurt
hkd90,Sugar
hkd90,Unicorn
hkd90,chocolate
hkd91,Sugar
hkd91,Apple
hkd91,Bread
hkd91,Dill
hkd91,Corn
hkd91,Yogurt
hkd91,Unicorn
hkd91,chocolate
hkd91,Onion
hkd91,Kidney Beans
hkd91,Nutmeg
hkd91,Butter
hkd92,Corn
hkd92,Ice cream
hkd92,Yogurt
hkd92,Nutmeg
hkd92,Milk
hkd92,Cheese
hkd92,chocolate
hkd92,Dill
hkd92,Onion
hkd92,Eggs
hkd92,Kidney Beans
hkd93,Corn
hkd93,Butter
hkd93,Sugar
hkd93,Yogurt
hkd93,Unicorn
hkd93,chocolate
hkd93,Onion
hkd93,Apple
hkd93,Dill
hkd94,Ice cream
hkd94,Nutmeg
hkd94,Cheese
hkd94,Yogurt
hkd94,chocolate
hkd94,Eggs
hkd94,Corn
hkd94,Butter
hkd94,Bread
hkd94,Onion
hkd95,Dill
hkd95,Milk
hkd95,Nutmeg
hkd95,Yogurt
hkd95,Apple
hkd95,Onion
hkd96,Corn
hkd96,Dill
hkd96,Bread
hkd96,Onion
hkd96,Milk
hkd97,Dill
hkd97,Corn
hkd97,Butter
hkd97,Yogurt
hkd97,Kidney Beans
hkd97,Apple
hkd97,Nutmeg
hkd98,Yogurt
hkd99,Onion
hkd99,Unicorn
hkd99,Sugar
hkd99,Apple
hkd99,Butter
hkd99,Milk
hkd99,Yogurt
hkd99,Kidney Beans
hkd99,Eggs
hkd99,Corn
hkd100,Bread
hkd100,Yogurt
hkd100,Eggs
hkd100,Butter
hkd100,Kidney Beans
hkd100,chocolate
hkd100,Onion
hkd100,Cheese
hkd100,Corn
hkd100,Milk
hkd100,Sugar
hkd101,Eggs
hkd101,Bread
hkd102,Cheese
hkd102,Butter
hkd102,Milk
hkd102,Ice cream
hkd102,chocolate
hkd102,Sugar
hkd102,Bread
hkd103,Cheese
hkd103,Yogurt
hkd103,Eggs
hkd103,Sugar
hkd103,chocolate
hkd104,Bread
hkd104,Unicorn
hkd105,Unicorn
hkd105,Sugar
hkd105,Ice cream
hkd105,Nutmeg
hkd105,Cheese
hkd105,Onion
hkd105,Eggs
hkd105,Bread
hkd106,Eggs
hkd106,Milk
hkd106,Corn
hkd107,Apple
hkd107,Cheese
hkd107,Onion
hkd107,Dill
hkd107,Kidney Beans
hkd107,Unicorn
hkd107,Eggs
hkd107,chocolate
hkd108,Yogurt
hkd108,Kidney Beans
hkd108,Unicorn
hkd109,Yogurt
hkd110,Nutmeg
hkd111,Yogurt
hkd111,Corn
hkd111,Dill
hkd111,Apple
hkd111,Nutmeg
hkd111,Cheese
hkd111,Onion
hkd111,Milk
hkd112,Bread
hkd112,Sugar
hkd112,Unicorn
hkd112,Yogurt
hkd112,Cheese
hkd112,Onion
hkd112,Corn
hkd112,chocolate
hkd112,Butter
hkd112,Apple
hkd112,Dill
hkd113,Ice cream
hkd113,Milk
hkd113,Kidney Beans
hkd113,chocolate
hkd113,Apple
hkd113,Corn
hkd113,Eggs
hkd113,Nutmeg
hkd113,Bread
hkd114,Eggs
hkd114,Kidney Beans
hkd114,Onion
hkd114,Milk
hkd114,Nutmeg
hkd114,Butter
hkd115,Nutmeg
hkd115,Yogurt
hkd115,Dill
hkd115,Onion
hkd115,Eggs
hkd115,Apple
hkd115,Bread
hkd115,Cheese
hkd115,Sugar
hkd116,Cheese
hkd116,Eggs
hkd116,Apple
hkd116,Kidney Beans
hkd117,Onion
hkd117,Unicorn
hkd117,Eggs
hkd117,Ice cream
hkd117,Sugar
hkd117,Butter
hkd117,Bread
hkd117,Corn
hkd118,Butter
hkd118,Onion
hkd118,Milk
hkd118,Bread
hkd118,Cheese
hkd118,Apple
hkd118,Sugar
hkd118,chocolate
hkd119,Dill
hkd119,Corn
hkd119,Ice cream
hkd119,Apple
hkd119,Sugar
hkd119,Yogurt
hkd119,Cheese
hkd120,Onion
hkd120,Corn
hkd120,Nutmeg
hkd120,chocolate
hkd120,Eggs
hkd120,Unicorn
hkd120,Yogurt
hkd121,Cheese
hkd121,Ice cream
hkd121,Butter
hkd121,Sugar
hkd121,Dill
hkd122,Yogurt
hkd122,Onion
hkd122,Nutmeg
hkd122,Cheese
hkd123,Kidney Beans
hkd123,Yogurt
hkd123,Unicorn
hkd123,Butter
hkd123,Corn
hkd123,Ice cream
hkd124,Kidney Beans
hkd124,chocolate
hkd124,Corn
hkd124,Dill
hkd124,Bread
hkd124,Yogurt
hkd124,Eggs
hkd124,Nutmeg
hkd125,Cheese
hkd126,Butter
hkd126,Bread
hkd126,Eggs
hkd126,Yogurt
hkd126,Dill
hkd127,chocolate
hkd127,Yogurt
hkd127,Ice cream
hkd127,Apple
hkd127,Onion
hkd128,Sugar
hkd128,Nutmeg
hkd128,chocolate
hkd128,Kidney Beans
hkd129,Eggs
hkd129,Sugar
hkd129,Yogurt
hkd129,Nutmeg
hkd129,Corn
hkd129,Cheese
hkd129,Onion
hkd129,Unicorn
hkd129,Milk
hkd129,Butter
hkd129,Apple
hkd130,Corn
hkd130,Milk
hkd130,Ice cream
hkd130,Butter
hkd130,Sugar
hkd130,Onion
hkd130,Nutmeg
hkd130,chocolate
hkd130,Kidney Beans
hkd130,Bread
hkd130,Yogurt
hkd131,chocolate
hkd131,Butter
hkd131,Unicorn
hkd131,Yogurt
hkd131,Apple
hkd132,Dill
hkd132,Bread
hkd132,Nutmeg
hkd132,Milk
hkd132,Butter
hkd132,chocolate
hkd132,Apple
hkd132,Sugar
hkd133,Nutmeg
hkd133,Yogurt
hkd133,Eggs
hkd133,Onion
hkd133,Cheese
hkd133,Apple
hkd133,Unicorn
hkd133,Sugar
hkd133,Dill
hkd134,chocolate
hkd134,Cheese
hkd134,Eggs
hkd134,Unicorn
hkd134,Dill
hkd134,Kidney Beans
hkd134,Nutmeg
hkd134,Milk
hkd135,Kidney Beans
hkd135,Nutmeg
hkd135,Sugar
hkd136,Ice cream
hkd136,Nutmeg
hkd136,Yogurt
hkd136,Cheese
hkd136,Butter
hkd136,Dill
hkd136,Onion
hkd136,Kidney Beans
hkd136,Corn
hkd137,Dill
hkd137,Bread
hkd137,Yogurt
hkd137,Unicorn
hkd137,chocolate
hkd137,Butter
hkd137,Onion
hkd137,Milk
hkd137,Ice cream
hkd137,Eggs
hkd138,chocolate
hkd138,Apple
hkd138,Yogurt
hkd138,Dill
hkd138,Corn
hkd138,Eggs
hkd138,Milk
hkd139,Kidney Beans
hkd140,Cheese
hkd140,Onion
hkd140,Corn
hkd140,Milk
hkd140,Kidney Beans
hkd141,Corn
hkd141,Unicorn
hkd141,Nutmeg
hkd141,Ice cream
hkd141,Cheese
hkd141,chocolate
hkd141,Sugar
hkd141,Apple
hkd141,Milk
hkd141,Butter
hkd141,Kidney Beans
hkd141,Dill
hkd142,Unicorn
hkd142,Apple
hkd142,Nutmeg
hkd142,Yogurt
hkd142,Butter
hkd142,Milk
hkd142,Bread
hkd142,Corn
hkd143,Cheese
hkd143,Eggs
hkd143,Dill
hkd143,Unicorn
hkd144,Onion
hkd144,Kidney Beans
hkd144,Yogurt
hkd144,Apple
hkd144,Corn
hkd144,Sugar
hkd144,Eggs
hkd144,Bread
hkd144,Ice cream
hkd145,Unicorn
hkd145,Milk
hkd145,Kidney Beans
hkd145,Sugar
hkd145,Nutmeg
hkd145,Yogurt
hkd146,Corn
hkd146,Milk
hkd146,Onion
hkd146,Nutmeg
hkd146,Kidney Beans
hkd146,Sugar
hkd146,Unicorn
hkd146,Bread
hkd146,Butter
hkd146,Cheese
hkd147,Dill
hkd147,Sugar
hkd147,Ice cream
hkd147,Milk
hkd147,Onion
hkd148,Dill
hkd148,chocolate
hkd148,Nutmeg
hkd148,Unicorn
hkd148,Sugar
hkd148,Corn
hkd148,Ice cream
hkd148,Kidney Beans
hkd149,Eggs
hkd149,Cheese
hkd149,Bread
hkd149,chocolate
hkd149,Apple
hkd150,Nutmeg
hkd150,Unicorn
hkd150,Sugar
hkd150,Eggs
hkd150,Yogurt
hkd151,Yogurt
hkd151,Onion
hkd151,Unicorn
hkd151,Nutmeg
hkd151,Apple
hkd151,Corn
hkd151,Sugar
hkd151,Butter
hkd151,Ice cream
hkd151,Bread
hkd152,Yogurt
hkd152,Nutmeg
hkd152,Cheese
hkd152,Kidney Beans
hkd152,Corn
hkd152,Sugar
hkd152,Ice cream
hkd153,Kidney Beans
hkd154,Unicorn
hkd155,Cheese
hkd155,Kidney Beans
hkd155,Milk
hkd155,Unicorn
hkd155,Sugar
hkd156,Sugar
hkd156,Kidney Beans
hkd156,Unicorn
hkd156,Corn
hkd157,Yogurt
hkd157,Bread
hkd157,Kidney Beans
hkd157,Butter
hkd157,Corn
hkd158,Yogurt
hkd158,Kidney Beans
hkd158,Dill
hkd158,Eggs
hkd158,Sugar
hkd158,Onion
hkd158,Ice cream
hkd158,Apple
hkd158,Milk
hkd158,Butter
hkd159,Corn
hkd160,Corn
hkd160,Nutmeg
hkd160,Milk
hkd160,Apple
hkd160,Sugar
hkd161,Dill
hkd162,Nutmeg
hkd162,Kidney Beans
hkd162,Corn
hkd162,chocolate
hkd162,Unicorn
hkd162,Eggs
hkd162,Ice cream
hkd163,Milk
hkd163,Kidney Beans
hkd163,Sugar
hkd163,Unicorn
hkd163,Eggs
hkd163,Nutmeg
hkd164,Ice cream
hkd164,Milk
hkd164,Yogurt
hkd164,Onion
hkd164,Butter
hkd164,Dill
hkd164,Unicorn
hkd164,chocolate
hkd164,Sugar
hkd164,Eggs
hkd164,Corn
hkd165,Eggs
hkd165,Apple
hkd165,chocolate
hkd165,Unicorn
hkd165,Sugar
hkd165,Ice cream
hkd165,Butter
hkd165,Corn
hkd165,Dill
hkd166,Yogurt
hkd167,Unicorn
hkd167,Corn
hkd167,Butter
hkd167,Bread
hkd167,Apple
hkd167,chocolate
hkd167,Sugar
hkd167,Ice cream
hkd167,Kidney Beans
hkd167,Eggs
hkd167,Cheese
hkd167,Nutmeg
hkd168,Unicorn
hkd168,Bread
hkd168,Dill
hkd168,Nutmeg
hkd168,Onion
hkd168,Yogurt
hkd169,Ice cream
hkd170,Bread
hkd170,Apple
hkd171,Butter
hkd171,Kidney Beans
hkd171,Sugar
hkd171,chocolate
hkd171,Ice cream
hkd171,Eggs
hkd171,Nutmeg
hkd171,Bread
hkd172,Apple
hkd172,Kidney Beans
hkd172,Sugar
hkd172,Nutmeg
hkd172,Cheese
hkd172,Yogurt
hkd172,Butter
hkd172,Unicorn
hkd172,Ice cream
hkd172,Dill
hkd173,Onion
hkd173,chocolate
hkd174,Eggs
hkd174,chocolate
hkd174,Bread
hkd174,Sugar
hkd175,Onion
hkd175,chocolate
hkd175,Cheese
hkd175,Bread
hkd176,Cheese
hkd176,Nutmeg
hkd176,Butter
hkd177,Kidney Beans
hkd177,Cheese
hkd177,Unicorn
hkd177,Eggs
hkd177,Nutmeg
hkd177,Yogurt
hkd177,Butter
hkd177,Milk
hkd177,Dill
hkd178,Corn
hkd178,Nutmeg
hkd178,Milk
hkd178,Bread
hkd178,chocolate
hkd178,Sugar
hkd178,Yogurt
hkd178,Cheese
hkd179,Kidney Beans
hkd179,Bread
hkd180,Ice cream
hkd180,Milk
hkd180,chocolate
hkd181,Milk
hkd181,Sugar
hkd181,Butter
hkd181,Dill
hkd181,Corn
hkd181,Cheese
hkd181,chocolate
hkd181,Unicorn
hkd182,Yogurt
hkd182,Eggs
hkd182,Cheese
hkd182,chocolate
hkd182,Butter
hkd182,Sugar
hkd182,Onion
hkd182,Apple
hkd183,Nutmeg
hkd183,Dill
hkd184,chocolate
hkd184,Onion
hkd184,Milk
hkd184,Kidney Beans
hkd184,Corn
hkd184,Unicorn
hkd184,Apple
hkd184,Nutmeg
hkd184,Eggs
hkd184,Bread
hkd184,Butter
hkd184,Yogurt
hkd185,Nutmeg
hkd185,chocolate
hkd185,Butter
hkd186,chocolate
hkd186,Ice cream
hkd186,Yogurt
hkd186,Milk
hkd186,Nutmeg
hkd186,Unicorn
hkd186,Onion
hkd186,Cheese
hkd186,Butter
hkd186,Kidney Beans
hkd187,Nutmeg
hkd187,Eggs
hkd187,Dill
hkd187,Cheese
hkd187,Apple
hkd187,chocolate
hkd187,Milk
hkd187,Unicorn
hkd187,Ice cream
hkd187,Kidney Beans
hkd187,Yogurt
hkd187,Onion
hkd187,Butter
hkd188,Corn
hkd188,Onion
hkd188,Unicorn
hkd188,chocolate
hkd188,Ice cream
hkd188,Yogurt
hkd188,Nutmeg
hkd189,Butter
hkd189,Cheese
hkd189,Sugar
hkd189,Corn
hkd189,Kidney Beans
hkd189,Apple
hkd189,Yogurt
hkd189,Unicorn
hkd189,Dill
hkd190,Nutmeg
hkd190,Yogurt
hkd190,Sugar
hkd190,Milk
hkd190,chocolate
hkd190,Kidney Beans
hkd190,Apple
hkd190,Unicorn
hkd190,Corn
hkd190,Dill
hkd190,Bread
hkd191,Ice cream
hkd191,Cheese
hkd191,Apple
hkd191,Kidney Beans
hkd191,Corn
hkd191,Yogurt
hkd192,Cheese
hkd192,Apple
hkd192,Milk
hkd193,Ice cream
hkd193,Cheese
hkd193,Nutmeg
hkd193,Butter
hkd193,Onion
hkd193,Dill
hkd193,chocolate
hkd193,Apple
hkd193,Bread
hkd193,Sugar
hkd194,Kidney Beans
hkd194,Eggs
hkd194,Unicorn
hkd194,Corn
hkd194,Onion
hkd194,Cheese
hkd194,Yogurt
hkd195,Onion
hkd195,Dill
hkd195,Unicorn
hkd195,Eggs
hkd195,Ice cream
hkd195,chocolate
hkd195,Butter
hkd195,Cheese
hkd196,Dill
hkd196,Milk
hkd196,Corn
hkd197,Cheese
hkd197,Apple
hkd197,Corn
hkd197,Unicorn
hkd197,Eggs
hkd197,Bread
hkd197,Sugar
hkd197,Dill
hkd197,Milk
hkd197,Onion
hkd198,Onion
hkd198,Eggs
hkd198,Nutmeg
hkd198,Milk
hkd198,Bread
hkd198,Cheese
hkd198,Butter
hkd198,Kidney Beans
hkd199,Milk
hkd199,chocolate
hkd199,Apple
hkd199,Ice cream
hkd200,Kidney Beans
hkd200,Butter
hkd200,Cheese
hkd200,Ice cream
hkd200,Sugar
hkd200,Yogurt
hkd200,Dill
hkd200,Milk
hkd201,Onion
hkd201,Dill
hkd201,Ice cream
hkd201,Nutmeg
hkd201,chocolate
hkd202,Ice cream
hkd202,Sugar
hkd202,chocolate
hkd202,Milk
hkd202,Unicorn
hkd202,Butter
hkd203,Eggs
hkd203,Milk
hkd203,Ice cream
hkd203,Butter
hkd203,Unicorn
hkd203,Bread
hkd203,Kidney Beans
hkd203,Dill
hkd203,Onion
hkd204,Ice cream
hkd204,Unicorn
hkd205,Yogurt
hkd205,Eggs
hkd205,Bread
hkd205,Cheese
hkd205,Dill
hkd205,Ice cream
hkd205,Unicorn
hkd205,Kidney Beans
hkd206,Apple
hkd206,Sugar
hkd206,Corn
hkd207,Cheese
hkd207,Milk
hkd207,chocolate
hkd207,Sugar
hkd207,Yogurt
hkd207,Corn
hkd208,Sugar
hkd208,Unicorn
hkd208,Cheese
hkd208,Nutmeg
hkd208,Kidney Beans
hkd208,Onion
hkd209,Sugar
hkd209,Unicorn
hkd209,Yogurt
hkd209,Nutmeg
hkd210,Ice cream
hkd210,Cheese
hkd210,Bread
hkd210,Dill
hkd210,Nutmeg
hkd210,chocolate
hkd210,Unicorn
hkd210,Onion
hkd210,Butter
hkd211,Eggs
hkd211,Ice cream
hkd211,Corn
hkd211,Bread
hkd211,Dill
hkd211,Sugar
hkd211,Kidney Beans
hkd211,Yogurt
hkd211,Butter
hkd211,Apple
hkd212,Bread
hkd212,Apple
hkd212,Corn
hkd212,Ice cream
hkd212,Kidney Beans
hkd212,chocolate
hkd212,Butter
hkd213,Yogurt
hkd213,chocolate
hkd213,Nutmeg
hkd213,Milk
hkd213,Eggs
hkd213,Cheese
hkd213,Butter
hkd213,Bread
hkd214,Eggs
hkd215,Onion
hkd215,chocolate
hkd215,Eggs
hkd215,Butter
hkd215,Kidney Beans
hkd215,Milk
hkd215,Yogurt
hkd216,Dill
hkd216,Nutmeg
hkd216,Butter
hkd216,Unicorn
hkd216,chocolate
hkd216,Sugar
hkd217,Bread
hkd217,chocolate
hkd217,Onion
hkd217,Cheese
hkd217,Butter
hkd217,Eggs
hkd217,Ice cream
hkd217,Corn
hkd217,Nutmeg
hkd217,Milk
hkd218,Corn
hkd218,Eggs
hkd218,Nutmeg
hkd218,Apple
hkd218,Ice cream
hkd219,Bread
hkd219,Unicorn
hkd219,Apple
hkd219,Sugar
hkd219,Dill
hkd219,Nutmeg
hkd220,Dill
hkd220,Onion
hkd221,chocolate
hkd221,Ice cream
hkd221,Onion
hkd221,Nutmeg
hkd221,Eggs
hkd222,Milk
hkd222,Nutmeg
hkd222,Eggs
hkd222,Apple
hkd222,Yogurt
hkd222,Bread
hkd222,Sugar
hkd222,Onion
hkd222,Kidney Beans
hkd223,Kidney Beans
hkd223,Cheese
hkd223,Eggs
hkd223,chocolate
hkd224,Butter
hkd224,Yogurt
hkd224,Bread
hkd224,Onion
hkd224,chocolate
hkd224,Nutmeg
hkd224,Dill
hkd225,Cheese
hkd225,Unicorn
hkd225,Dill
hkd225,Apple
hkd225,Milk
hkd225,Eggs
hkd225,Kidney Beans
hkd225,Nutmeg
hkd225,Sugar
hkd225,Corn
hkd225,Butter
hkd225,Ice cream
hkd226,Apple
hkd226,Milk
hkd226,Sugar
hkd226,Butter
hkd226,Eggs
hkd226,Ice cream
hkd227,Unicorn
hkd227,Eggs
hkd227,Yogurt
hkd227,Sugar
hkd227,Corn
hkd227,Cheese
hkd228,Unicorn
hkd228,Bread
hkd229,Corn
hkd229,Apple
hkd229,Sugar
hkd229,Eggs
hkd229,Onion
hkd229,Dill
hkd229,Ice cream
hkd229,Cheese
hkd229,Nutmeg
hkd229,Butter
hkd229,Unicorn
hkd230,Apple
hkd230,Corn
hkd231,Bread
hkd231,chocolate
hkd231,Corn
hkd231,Dill
hkd231,Milk
hkd232,Apple
hkd232,Cheese
hkd232,Nutmeg
hkd232,Corn
hkd232,Dill
hkd232,Sugar
hkd233,chocolate
hkd233,Milk
hkd233,Yogurt
hkd233,Butter
hkd233,Ice cream
hkd234,Sugar
hkd234,Nutmeg
hkd234,Corn
hkd234,Cheese
hkd235,Bread
hkd235,Apple
hkd236,Dill
hkd237,Ice cream
hkd237,Nutmeg
hkd237,Sugar
hkd237,Unicorn
hkd238,Corn
hkd238,Onion
hkd239,Nutmeg
hkd239,Milk
hkd239,Sugar
hkd239,chocolate
hkd239,Kidney Beans
hkd239,Cheese
hkd239,Apple
hkd239,Corn
hkd239,Yogurt
hkd239,Onion
hkd239,Ice cream
hkd239,Butter
hkd239,Bread
hkd240,Unicorn
hkd240,Yogurt
hkd240,Corn
hkd240,Bread
hkd240,Butter
hkd241,Yogurt
hkd241,Unicorn
hkd241,Bread
hkd242,Milk
hkd242,chocolate
hkd242,Bread
hkd242,Apple
hkd242,Dill
hkd242,Corn
hkd243,Dill
hkd244,Sugar
hkd244,Unicorn
hkd244,Kidney Beans
hkd244,Butter
hkd244,Ice cream
hkd244,chocolate
hkd244,Milk
hkd244,Cheese
hkd244,Apple
hkd244,Yogurt
hkd245,Ice cream
hkd245,Dill
hkd245,Sugar
hkd245,Eggs
hkd245,Bread
hkd246,Corn
hkd246,Onion
hkd246,Apple
hkd246,Unicorn
hkd246,Milk
hkd246,chocolate
hkd246,Yogurt
hkd246,Cheese
hkd246,Nutmeg
hkd247,Onion
hkd247,Kidney Beans
hkd247,Corn
hkd247,Butter
hkd248,Onion
hkd248,Corn
hkd248,Apple
hkd248,Nutmeg
hkd248,Dill
hkd249,Cheese
hkd249,Nutmeg
hkd249,Unicorn
hkd249,Milk
hkd249,Eggs
hkd249,Bread
hkd250,Kidney Beans
hkd250,Butter
hkd250,Milk
hkd250,chocolate
hkd250,Cheese
hkd250,Ice cream
